{
  "created_at": "2025-12-29T03:21:14.293994",
  "computed_from": "train",
  "state": {
    "mean": [
      0.15076016357284974,
      0.2012449297005043,
      -0.06741152484771815,
      0.18366865508976252
    ],
    "std": [
      0.7497974787367009,
      0.6996902004707635,
      1.6554528076507466,
      4.550838994205152
    ]
  },
  "input": {
    "mean": [
      0.05740509470576896
    ],
    "std": [
      1.054248862477279
    ]
  },
  "derivative_dx": {
    "mean": [
      0.2012449297005043,
      0.015324510780544299,
      0.18366865508976252,
      -0.7911271028625602
    ],
    "std": [
      0.6996902004707635,
      1.2760096744206395,
      4.550838994205152,
      14.648590407749392
    ]
  },
  "derivative_dx_savgol": {
    "mean": [
      0.20123569515415032,
      0.015813783291047982,
      0.18366739449960054,
      -0.7910851597052995
    ],
    "std": [
      0.6996817132823524,
      1.2638858965740793,
      4.550617395891462,
      14.641676391499814
    ]
  }
}